[
    {
        "pk": 1, 
        "model": "fortunecookie.luckynumber", 
        "fields": {
            "modified": "2011-12-16 09:11:33", 
            "created": "2011-12-16 09:11:33"
        }
    }, 
    {
        "pk": 2, 
        "model": "fortunecookie.luckynumber", 
        "fields": {
            "modified": "2011-12-15 08:43:50", 
            "created": "2011-12-15 08:43:50"
        }
    }, 
    {
        "pk": 3, 
        "model": "fortunecookie.luckynumber", 
        "fields": {
            "modified": "2011-12-15 08:45:15", 
            "created": "2011-12-15 08:45:15"
        }
    }, 
    {
        "pk": 6, 
        "model": "fortunecookie.luckynumber", 
        "fields": {
            "modified": "2011-12-16 09:13:53", 
            "created": "2011-12-16 09:13:53"
        }
    }, 
    {
        "pk": 7, 
        "model": "fortunecookie.luckynumber", 
        "fields": {
            "modified": "2011-12-16 08:53:26", 
            "created": "2011-12-16 08:53:26"
        }
    }, 
    {
        "pk": 9, 
        "model": "fortunecookie.luckynumber", 
        "fields": {
            "modified": "2011-12-16 08:52:33", 
            "created": "2011-12-16 08:52:33"
        }
    }, 
    {
        "pk": 10, 
        "model": "fortunecookie.luckynumber", 
        "fields": {
            "modified": "2011-12-15 08:45:20", 
            "created": "2011-12-15 08:45:20"
        }
    }, 
    {
        "pk": 11, 
        "model": "fortunecookie.luckynumber", 
        "fields": {
            "modified": "2011-12-16 08:52:28", 
            "created": "2011-12-16 08:52:28"
        }
    }, 
    {
        "pk": 12, 
        "model": "fortunecookie.luckynumber", 
        "fields": {
            "modified": "2011-12-15 08:43:27", 
            "created": "2011-12-15 08:43:27"
        }
    }, 
    {
        "pk": 15, 
        "model": "fortunecookie.luckynumber", 
        "fields": {
            "modified": "2011-12-16 08:52:15", 
            "created": "2011-12-16 08:52:15"
        }
    }, 
    {
        "pk": 16, 
        "model": "fortunecookie.luckynumber", 
        "fields": {
            "modified": "2011-12-16 08:52:02", 
            "created": "2011-12-16 08:52:02"
        }
    }, 
    {
        "pk": 17, 
        "model": "fortunecookie.luckynumber", 
        "fields": {
            "modified": "2011-12-16 09:12:05", 
            "created": "2011-12-16 09:12:05"
        }
    }, 
    {
        "pk": 18, 
        "model": "fortunecookie.luckynumber", 
        "fields": {
            "modified": "2011-12-16 08:57:53", 
            "created": "2011-12-16 08:57:53"
        }
    }, 
    {
        "pk": 19, 
        "model": "fortunecookie.luckynumber", 
        "fields": {
            "modified": "2011-12-16 09:06:08", 
            "created": "2011-12-16 09:06:08"
        }
    }, 
    {
        "pk": 20, 
        "model": "fortunecookie.luckynumber", 
        "fields": {
            "modified": "2011-12-16 09:12:12", 
            "created": "2011-12-16 09:12:12"
        }
    }, 
    {
        "pk": 21, 
        "model": "fortunecookie.luckynumber", 
        "fields": {
            "modified": "2011-12-16 09:14:09", 
            "created": "2011-12-16 09:14:09"
        }
    }, 
    {
        "pk": 22, 
        "model": "fortunecookie.luckynumber", 
        "fields": {
            "modified": "2011-12-16 09:20:11", 
            "created": "2011-12-16 09:20:11"
        }
    }, 
    {
        "pk": 23, 
        "model": "fortunecookie.luckynumber", 
        "fields": {
            "modified": "2011-12-16 09:06:16", 
            "created": "2011-12-16 09:06:16"
        }
    }, 
    {
        "pk": 24, 
        "model": "fortunecookie.luckynumber", 
        "fields": {
            "modified": "2011-12-16 09:12:52", 
            "created": "2011-12-16 09:12:52"
        }
    }, 
    {
        "pk": 26, 
        "model": "fortunecookie.luckynumber", 
        "fields": {
            "modified": "2011-12-16 09:21:29", 
            "created": "2011-12-16 09:21:29"
        }
    }, 
    {
        "pk": 28, 
        "model": "fortunecookie.luckynumber", 
        "fields": {
            "modified": "2011-12-16 08:52:22", 
            "created": "2011-12-16 08:52:22"
        }
    }, 
    {
        "pk": 29, 
        "model": "fortunecookie.luckynumber", 
        "fields": {
            "modified": "2011-12-16 08:57:27", 
            "created": "2011-12-16 08:57:27"
        }
    }, 
    {
        "pk": 30, 
        "model": "fortunecookie.luckynumber", 
        "fields": {
            "modified": "2011-12-16 09:13:08", 
            "created": "2011-12-16 09:13:08"
        }
    }, 
    {
        "pk": 32, 
        "model": "fortunecookie.luckynumber", 
        "fields": {
            "modified": "2011-12-16 08:55:16", 
            "created": "2011-12-16 08:55:16"
        }
    }, 
    {
        "pk": 33, 
        "model": "fortunecookie.luckynumber", 
        "fields": {
            "modified": "2011-12-16 09:14:28", 
            "created": "2011-12-16 09:14:28"
        }
    }, 
    {
        "pk": 34, 
        "model": "fortunecookie.luckynumber", 
        "fields": {
            "modified": "2011-12-16 08:53:42", 
            "created": "2011-12-16 08:53:42"
        }
    }, 
    {
        "pk": 35, 
        "model": "fortunecookie.luckynumber", 
        "fields": {
            "modified": "2011-12-16 09:06:24", 
            "created": "2011-12-16 09:06:24"
        }
    }, 
    {
        "pk": 36, 
        "model": "fortunecookie.luckynumber", 
        "fields": {
            "modified": "2011-12-16 09:14:32", 
            "created": "2011-12-16 09:14:32"
        }
    }, 
    {
        "pk": 38, 
        "model": "fortunecookie.luckynumber", 
        "fields": {
            "modified": "2011-12-16 09:12:20", 
            "created": "2011-12-16 09:12:20"
        }
    }, 
    {
        "pk": 39, 
        "model": "fortunecookie.luckynumber", 
        "fields": {
            "modified": "2011-12-16 09:13:18", 
            "created": "2011-12-16 09:13:18"
        }
    }, 
    {
        "pk": 40, 
        "model": "fortunecookie.luckynumber", 
        "fields": {
            "modified": "2011-12-16 09:10:53", 
            "created": "2011-12-16 09:10:53"
        }
    }, 
    {
        "pk": 41, 
        "model": "fortunecookie.luckynumber", 
        "fields": {
            "modified": "2011-12-16 08:54:21", 
            "created": "2011-12-16 08:54:21"
        }
    }, 
    {
        "pk": 43, 
        "model": "fortunecookie.luckynumber", 
        "fields": {
            "modified": "2011-12-15 08:43:44", 
            "created": "2011-12-15 08:43:44"
        }
    }, 
    {
        "pk": 44, 
        "model": "fortunecookie.luckynumber", 
        "fields": {
            "modified": "2011-12-16 08:54:15", 
            "created": "2011-12-16 08:54:15"
        }
    }, 
    {
        "pk": 45, 
        "model": "fortunecookie.luckynumber", 
        "fields": {
            "modified": "2011-12-16 09:06:29", 
            "created": "2011-12-16 09:06:29"
        }
    }, 
    {
        "pk": 47, 
        "model": "fortunecookie.luckynumber", 
        "fields": {
            "modified": "2011-12-16 09:06:34", 
            "created": "2011-12-16 09:06:34"
        }
    }, 
    {
        "pk": 49, 
        "model": "fortunecookie.luckynumber", 
        "fields": {
            "modified": "2011-12-16 08:53:51", 
            "created": "2011-12-16 08:53:51"
        }
    }, 
    {
        "pk": 50, 
        "model": "fortunecookie.luckynumber", 
        "fields": {
            "modified": "2011-12-16 08:52:08", 
            "created": "2011-12-16 08:52:08"
        }
    }, 
    {
        "pk": 53, 
        "model": "fortunecookie.luckynumber", 
        "fields": {
            "modified": "2011-12-16 08:53:31", 
            "created": "2011-12-16 08:53:31"
        }
    }, 
    {
        "pk": 56, 
        "model": "fortunecookie.luckynumber", 
        "fields": {
            "modified": "2011-12-16 09:20:08", 
            "created": "2011-12-16 09:20:08"
        }
    }, 
    {
        "pk": 7, 
        "model": "fortunecookie.chineseword", 
        "fields": {
            "chinese_word": "\u65e5\u66c6", 
            "pinyin_word": "r\u00ecl\u00ec", 
            "english_word": "Calendar", 
            "modified": "2011-12-16 09:24:18", 
            "created": "2011-12-16 09:24:18"
        }
    }, 
    {
        "pk": 5, 
        "model": "fortunecookie.chineseword", 
        "fields": {
            "chinese_word": "\u5317", 
            "pinyin_word": "b\u011bi", 
            "english_word": "North", 
            "modified": "2011-12-16 09:05:15", 
            "created": "2011-12-16 09:05:15"
        }
    }, 
    {
        "pk": 6, 
        "model": "fortunecookie.chineseword", 
        "fields": {
            "chinese_word": "\u7259\u7c64", 
            "pinyin_word": "y\u00e1qi\u0101n", 
            "english_word": "Toothpick", 
            "modified": "2011-12-16 09:10:12", 
            "created": "2011-12-16 09:10:12"
        }
    }, 
    {
        "pk": 4, 
        "model": "fortunecookie.chineseword", 
        "fields": {
            "chinese_word": "\u5929\u6c14", 
            "pinyin_word": "ti\u0101nq\u00ec", 
            "english_word": "Weather", 
            "modified": "2011-12-16 09:02:45", 
            "created": "2011-12-16 09:02:45"
        }
    }, 
    {
        "pk": 3, 
        "model": "fortunecookie.chineseword", 
        "fields": {
            "chinese_word": "\u51ac\u5929", 
            "pinyin_word": "d\u014dngti\u0101n", 
            "english_word": "Winter", 
            "modified": "2011-12-16 09:01:06", 
            "created": "2011-12-16 08:59:20"
        }
    }, 
    {
        "pk": 3, 
        "model": "fortunecookie.fortunecookie", 
        "fields": {
            "chinese_word": 3, 
            "fortune": "A danger forseen is half avoided.", 
            "modified": "2011-12-16 08:59:24", 
            "lucky_numbers": [
                32, 
                29, 
                50, 
                44, 
                18, 
                10
            ], 
            "created": "2011-12-15 11:17:39"
        }
    }, 
    {
        "pk": 1, 
        "model": "fortunecookie.fortunecookie", 
        "fields": {
            "chinese_word": 4, 
            "fortune": "A smile increases your face value.", 
            "modified": "2011-12-16 09:02:52", 
            "lucky_numbers": [
                16, 
                50, 
                15, 
                28, 
                11, 
                9
            ], 
            "created": "2011-12-15 08:44:11"
        }
    }, 
    {
        "pk": 6, 
        "model": "fortunecookie.fortunecookie", 
        "fields": {
            "chinese_word": null, 
            "fortune": "Be prepared to receive something special.", 
            "modified": "2011-12-16 09:12:27", 
            "lucky_numbers": [
                1, 
                2, 
                15, 
                17, 
                20, 
                38
            ], 
            "created": "2011-12-16 09:12:27"
        }
    }, 
    {
        "pk": 5, 
        "model": "fortunecookie.fortunecookie", 
        "fields": {
            "chinese_word": 6, 
            "fortune": "If you don't have time to live your life now, when do you?", 
            "modified": "2011-12-16 09:10:56", 
            "lucky_numbers": [
                50, 
                49, 
                28, 
                11, 
                43, 
                40
            ], 
            "created": "2011-12-16 09:10:56"
        }
    }, 
    {
        "pk": 11, 
        "model": "fortunecookie.fortunecookie", 
        "fields": {
            "chinese_word": null, 
            "fortune": "Linger over dinner discussions this week for needed advice.", 
            "modified": "2011-12-16 09:21:34", 
            "lucky_numbers": [
                2, 
                16, 
                17, 
                26, 
                36, 
                44
            ], 
            "created": "2011-12-16 09:21:34"
        }
    }, 
    {
        "pk": 2, 
        "model": "fortunecookie.fortunecookie", 
        "fields": {
            "chinese_word": 5, 
            "fortune": "People don't care how much you know until they know how much you care.", 
            "modified": "2011-12-16 09:05:25", 
            "lucky_numbers": [
                7, 
                53, 
                34, 
                49, 
                44, 
                41
            ], 
            "created": "2011-12-15 08:45:30"
        }
    }, 
    {
        "pk": 10, 
        "model": "fortunecookie.fortunecookie", 
        "fields": {
            "chinese_word": 7, 
            "fortune": "The one you love is closer than you think.", 
            "modified": "2011-12-16 09:24:26", 
            "lucky_numbers": [
                35, 
                24, 
                21, 
                36, 
                56, 
                22
            ], 
            "created": "2011-12-16 09:20:38"
        }
    }, 
    {
        "pk": 7, 
        "model": "fortunecookie.fortunecookie", 
        "fields": {
            "chinese_word": null, 
            "fortune": "When one door closes another will open", 
            "modified": "2011-12-16 09:13:23", 
            "lucky_numbers": [
                1, 
                16, 
                24, 
                29, 
                30, 
                39
            ], 
            "created": "2011-12-16 09:13:23"
        }
    }, 
    {
        "pk": 8, 
        "model": "fortunecookie.fortunecookie", 
        "fields": {
            "chinese_word": null, 
            "fortune": "You are going to have a very comfortable old age.", 
            "modified": "2011-12-16 09:14:41", 
            "lucky_numbers": [
                6, 
                16, 
                20, 
                21, 
                33, 
                36
            ], 
            "created": "2011-12-16 09:14:41"
        }
    }, 
    {
        "pk": 9, 
        "model": "fortunecookie.fortunecookie", 
        "fields": {
            "chinese_word": null, 
            "fortune": "You are the mast of everything situation.", 
            "modified": "2011-12-16 09:19:37", 
            "lucky_numbers": [
                1, 
                11, 
                20, 
                21, 
                36, 
                44
            ], 
            "created": "2011-12-16 09:19:37"
        }
    }, 
    {
        "pk": 4, 
        "model": "fortunecookie.fortunecookie", 
        "fields": {
            "chinese_word": null, 
            "fortune": "Your lost treasure will be found within the month.", 
            "modified": "2011-12-16 09:07:03", 
            "lucky_numbers": [
                10, 
                19, 
                23, 
                35, 
                45, 
                47
            ], 
            "created": "2011-12-16 09:07:03"
        }
    }
]